Boro-Block-Lot,Address,Neighborhood,Building Class,Total Units,Year Built,Gross SqFt,Estimated Gross Income,Gross Income per SqFt,Estimated Expense,Expense per SqFt,Net Operating Income,Full Market Value,Market Value per SqFt
2-03044-0027,1993 BATHGATE AVENUE,BATHGATE,C6  -WALK-UP,       16,1908,15175,237641,     15.66,118820,7.83,118820,878000,     57.86
2-03045-0019,2068 BATHGATE AVENUE,BATHGATE,C6  -WALK-UP,       43,1911,36564,412808,     11.29,182820,5,229988,1532000,     41.90
2-03030-0143,2250 WEBSTER AVENUE,BATHGATE,C6  -WALK-UP,       20,1913,16120,299832,     18.60,179899,11.16,119933,920000,     57.07
2-03038-0046,4554 PARK AVENUE,BATHGATE,C6  -WALK-UP,       35,1915,33663,470609,     13.98,225879,6.71,244730,1726000,     51.27
2-03035-0048,463 EAST 178 STREET,BATHGATE,D4  -ELEVATOR,       38,1935,32200,510048,     15.84,310730,9.65,199318,1477000,     45.87
2-03047-0014,490 EAST 181 STREET,BATHGATE,C6  -WALK-UP,       24,1927,26000,295360,     11.36,132860,5.11,162500,1085000,     41.73
2-03044-0040,495 EAST 178 STREET,BATHGATE,D4  -ELEVATOR,       56,1941,55137,835877,     15.16,505606,9.17,330271,2420000,     43.89
2-05259-0016,3410 DE REIMER AVENUE,BAYCHESTER,D4  -ELEVATOR,      208,1965,256000,4759040,     18.59,2616320,10.22,2142720,16413000,     64.11
2-03311-0138,190 EAST MOSHOLU PARKWAY S,BEDFORD PARK/NORWOOD,D4  -ELEVATOR,       58,1939,63763,936678,     14.69,477585,7.49,459094,3335000,     52.30
2-03282-0007,2640 MARION AVENUE,BEDFORD PARK/NORWOOD,D4  -ELEVATOR,       73,1961,91075,1395269,     15.32,761387,8.36,633882,4655000,     51.11
2-03287-0100,2661 MARION AVENUE,BEDFORD PARK/NORWOOD,D4  -ELEVATOR,       73,1966,81730,1160566,     14.20,580283,7.1,580283,4176000,     51.10
2-03282-0046,2665 DECATUR AVENUE,BEDFORD PARK/NORWOOD,C6  -WALK-UP,       26,1916,24000,326160,     13.59,171120,7.13,155040,1101000,     45.88
2-03300-0015,2674 VALENTINE AVENUE,BEDFORD PARK/NORWOOD,C6  -WALK-UP,       11,1913,14088,359385,     25.51,125806,8.93,233579,1872000,    132.88
2-03277-0023,2676 DECATUR AVENUE,BEDFORD PARK/NORWOOD,C6  -WALK-UP,       16,1908,18000,288180,     16.01,163440,9.08,124740,926000,     51.44
2-03316-0050,2685 CRESTON AVENUE,BEDFORD PARK/NORWOOD,D4  -ELEVATOR,       73,1940,77850,1076666,     13.83,592439,7.61,484227,3459000,     44.43
2-03283-0013,2716 MARION AVENUE,BEDFORD PARK/NORWOOD,D4  -ELEVATOR,       74,1950,88400,1312740,     14.85,839800,9.5,472940,3443000,     38.95
2-03295-0033,2830 BRIGGS AVENUE,BEDFORD PARK/NORWOOD,D4  -ELEVATOR,       58,1955,51060,850149,     16.65,509068,9.97,341081,2558000,     50.10
2-03284-0048,2866 MARION AVENUE,BEDFORD PARK/NORWOOD,D4  -ELEVATOR,       67,1956,71652,952972,     13.30,476486,6.65,476486,3361000,     46.91
2-03280-0013,2962 DECATUR AVENUE,BEDFORD PARK/NORWOOD,D4  -ELEVATOR,       55,1940,43195,957633,     22.17,612937,14.19,344696,2720000,     62.97
2-03285-0052,2965 DECATUR AVENUE,BEDFORD PARK/NORWOOD,D4  -ELEVATOR,       37,1936,39550,582176,     14.72,361883,9.15,220294,1601000,     40.48
2-03307-0001,3000 VALENTINE AVENUE,BEDFORD PARK/NORWOOD,D4  -ELEVATOR,       57,1937,55800,940788,     16.86,584226,10.47,356562,2682000,     48.06
2-03299-0014,306 MOSHOLU PARKWAY,BEDFORD PARK/NORWOOD,D4  -ELEVATOR,       60,1939,65070,961735,     14.78,480867,7.39,480867,3498000,     53.76
2-03311-0001,3127 GRAND CONCOURSE,BEDFORD PARK/NORWOOD,D4  -ELEVATOR,      120,1956,133400,2237118,     16.77,1099216,8.24,1137902,8523000,     63.89
2-03356-0096,316 EAST 211 STREET,BEDFORD PARK/NORWOOD,C6  -WALK-UP,       17,1927,16600,249000,     15.00,163510,9.85,85490,625000,     37.65
2-03322-0037,3175 VILLA AVENUE,BEDFORD PARK/NORWOOD,D4  -ELEVATOR,       62,1914,34820,517425,     14.86,310594,8.92,206831,1508000,     43.31
2-03353-0033,3176 DECATUR AVENUE,BEDFORD PARK/NORWOOD,D4  -ELEVATOR,       63,1960,59000,862580,     14.62,328040,5.56,534540,3849000,     65.24
2-03313-0069,3184 GRAND CONCOURSE,BEDFORD PARK/NORWOOD,D4  -ELEVATOR,       55,1963,80811,1187114,     14.69,605274,7.49,581839,4227000,     52.31
2-03311-0044,3201 GRAND CONCOURSE,BEDFORD PARK/NORWOOD,D4  -ELEVATOR,       78,1963,93000,1327110,     14.27,697500,7.5,629610,4537000,     48.78
2-03343-0076,3245 PERRY AVENUE,BEDFORD PARK/NORWOOD,D4  -ELEVATOR,       42,1940,41000,639190,     15.59,423120,10.32,216070,1594000,     38.88
2-03281-0001,325 EAST 201 STREET,BEDFORD PARK/NORWOOD,D4  -ELEVATOR,       73,1950,96250,1425463,     14.81,845075,8.78,580388,4225000,     43.90
2-03347-0043,3279 HULL AVENUE,BEDFORD PARK/NORWOOD,C6  -WALK-UP,       51,1924,44950,768196,     17.09,422530,9.4,345666,2608000,     58.02
2-03352-0001,333 EAST 209 STREET,BEDFORD PARK/NORWOOD,C6  -WALK-UP,       43,1924,36000,489240,     13.59,256680,7.13,232560,1651000,     45.86
2-03343-0260,3388 WAYNE AVENUE,BEDFORD PARK/NORWOOD,D4  -ELEVATOR,      104,1928,148000,2080880,     14.06,1141080,7.71,939800,6744000,     45.57
2-03281-0018,340 EAST MOSHOLU PARKWAY S,BEDFORD PARK/NORWOOD,D4  -ELEVATOR,       56,1937,48628,672525,     13.83,370059,7.61,302466,2161000,     44.44
2-03344-0086,3520 TRYON AVENUE,BEDFORD PARK/NORWOOD,D4  -ELEVATOR,       64,1962,53700,837183,     15.59,527334,9.82,309849,2286000,     42.57
2-03344-0102,3535 KINGS COLLEGE PLACE,BEDFORD PARK/NORWOOD,D4  -ELEVATOR,      120,1954,160000,2379200,     14.87,1499200,9.37,880000,6416000,     40.10
2-03277-0002,389 EAST 194 STREET,BEDFORD PARK/NORWOOD,C6  -WALK-UP,       15,1910,13475,183125,     13.59,96077,7.13,87049,618000,     45.86
2-03279-0016,398 OLIVER PLACE,BEDFORD PARK/NORWOOD,D4  -ELEVATOR,       47,1938,42975,875401,     20.37,560394,13.04,315007,2457000,     57.17
2-03326-0045,91 EAST 208 STREET,BEDFORD PARK/NORWOOD,C6  -WALK-UP,       65,1926,56000,887600,     15.85,408240,7.29,479360,3519000,     62.84
2-03073-0041,2386 ARTHUR AVENUE,BELMONT,C6  -WALK-UP,       15,1905,10776,156575,     14.53,75109,6.97,81467,590000,     54.75
2-03105-0005,2420 BEAUMONT AVENUE,BELMONT,C6  -WALK-UP,       17,1912,11748,187028,     15.92,84116,7.16,102912,763000,     64.95
2-03090-0049,684 EAST 189 STREET,BELMONT,C6  -WALK-UP,       37,1928,33984,652833,     19.21,328625,9.67,324207,2502000,     73.62
2-03100-0018,765 GARDEN STREET,BELMONT,C6  -WALK-UP,       20,1931,17600,263824,     14.99,132000,7.5,131824,963000,     54.72
2-03112-0003,803 EAST 182 STREET,BELMONT,C6  -WALK-UP,       44,1931,35715,536082,     15.01,308578,8.64,227505,1662000,     46.54
2-04337-0018,2244 BRONX PARK EAST,BRONXDALE,D4  -ELEVATOR,       68,1956,65071,1063260,     16.34,619476,9.52,443784,3313000,     50.91
2-04425-0001,2410 BARKER AVENUE,BRONXDALE,D4  -ELEVATOR,      172,1963,183600,2955960,     16.10,1432080,7.8,1523880,11333000,     61.73
2-04429-0001,2550 OLINVILLE AVENUE,BRONXDALE,D4  -ELEVATOR,      213,1965,232532,4083262,     17.56,2220681,9.55,1862581,14125000,     60.74
2-04508-0010,2750 OLINVILLE AVENUE,BRONXDALE,D4  -ELEVATOR,       66,1955,71256,1149359,     16.13,536558,7.53,612802,4538000,     63.69
2-04550-0012,2922 BARNES AVENUE,BRONXDALE,D4  -ELEVATOR,      129,1928,127566,2440338,     19.13,1269282,9.95,1171056,9034000,     70.82
2-04543-0001,3000 BRONX PARK EAST,BRONXDALE,D4  -ELEVATOR,      297,1961,352360,5514434,     15.65,3308660,9.39,2205774,16296000,     46.25
2-04594-0044,3215 OLINVILLE AVENUE,BRONXDALE,D4  -ELEVATOR,       47,1963,38150,713405,     18.70,428043,11.22,285362,2192000,     57.46
2-04597-0021,3230 CRUGER AVENUE,BRONXDALE,D4  -ELEVATOR,       79,1930,67248,1147251,     17.06,552779,8.22,594472,4481000,     66.63
2-04593-0036,3231 BARKER AVENUE,BRONXDALE,C6  -WALK-UP,       37,1953,27225,457108,     16.79,251287,9.23,205821,1546000,     56.79
2-04599-0017,3260 CRUGER AVENUE,BRONXDALE,D4  -ELEVATOR,      101,1965,116222,2226814,     19.16,1113407,9.58,1113407,8567000,     73.71
2-04337-0001,601 PELHAM PARKWAY NORTH,BRONXDALE,D4  -ELEVATOR,      116,1937,108757,1981553,     18.22,1166963,10.73,814590,6225000,     57.24
2-04341-0001,665 THWAITES PLACE,BRONXDALE,D4  -ELEVATOR,      136,1962,125891,2194280,     17.43,1323114,10.51,871166,6597000,     52.40
2-04573-0005,829 ADEE AVENUE,BRONXDALE,C6  -WALK-UP,       74,1927,48944,824706,     16.85,477204,9.75,347502,2613000,     53.39
2-03788-0021,1041 PUGSLEY AVENUE,CASTLE HILL/UNIONPORT,D4  -ELEVATOR,      133,1963,151155,1996758,     13.21,937161,6.2,1059597,7378000,     48.81
2-03794-0013,1966 NEWBOLD AVENUE,CASTLE HILL/UNIONPORT,D4  -ELEVATOR,      139,1967,144460,2117784,     14.66,1227910,8.5,889874,6457000,     44.70
2-03567-0001,633 OLMSTEAD AVENUE,CASTLE HILL/UNIONPORT,D4  -ELEVATOR,      624,1966,598478,8091423,     13.52,4775854,7.98,3315568,23518000,     39.30
2-05628-0008,30 CAROLL STREET,CITY ISLAND,C6  -WALK-UP,       12,1920,6480,156881,     24.21,80093,12.36,76788,613000,     94.60
2-05135-0051,120 ERSKINE PLACE,CO-OP CITY,D4  -ELEVATOR,     4470,1969,5541031,85110236,     15.36,50201741,9.06,34908495, 256567000,     46.30
2-05141-0120,2049 BARTOW AVENUE,CO-OP CITY,D4  -ELEVATOR,    10948,1969,13540113, 189019977,     13.96, 119017593,8.79,70002384, 500769000,     36.98
2-05409-0041,1110 STADIUM AVENUE,COUNTRY CLUB,D4  -ELEVATOR,      130,1963,136913,2306984,     16.85,1162391,8.49,1144593,8610000,     62.89
2-05481-0048,3255 RANDALL AVENUE,COUNTRY CLUB,D4  -ELEVATOR,       65,1965,55800,1164546,     20.87,562464,10.08,602082,4714000,     84.48
2-02998-0145,1003 EAST 174 STREET,CROTONA PARK,C6  -WALK-UP,       43,1923,28165,387269,     13.75,230671,8.19,156597,1116000,     39.62
2-02966-0017,1500 BOSTON ROAD,CROTONA PARK,C6  -WALK-UP,       43,1933,30000,416100,     13.87,270000,9,146100,1044000,     34.80
2-02967-0006,1574 BOSTON ROAD,CROTONA PARK,D4  -ELEVATOR,       54,1929,50000,1062500,     21.25,597500,11.95,465000,3638000,     72.76
2-03010-0004,1670 LONGFELLOW AVENUE,CROTONA PARK,D4  -ELEVATOR,       60,1928,66258,1070729,     16.16,579758,8.75,490972,3633000,     54.83
2-02949-0075,1815 PROSPECT AVENUE,CROTONA PARK,C6  -WALK-UP,       45,1931,54126,891996,     16.48,479015,8.85,412981,3090000,     57.09
2-02948-0028,701 CROTONA PARK NORTH,CROTONA PARK,C6  -WALK-UP,       25,1916,18225,324405,     17.80,193367,10.61,131038,997000,     54.71
2-02948-0025,705 CROTONA PARK NORTH,CROTONA PARK,C6  -WALK-UP,       20,1916,15000,290250,     19.35,170250,11.35,120000,928000,     61.87
2-03130-0100,1010 EAST 178 STREET,EAST TREMONT,D4  -ELEVATOR,      221,1972,214344,4121835,     19.23,2422087,11.3,1699748,13119000,     61.21
2-02992-0073,1883 VYSE AVENUE,EAST TREMONT,C6  -WALK-UP,       16,1993,15840,251698,     15.89,102960,6.5,148738,1103000,     69.63
2-02992-0018,1898 DALY AVENUE,EAST TREMONT,C6  -WALK-UP,       16,1993,15840,259618,     16.39,157133,9.92,102485,766000,     48.36
2-03016-0005,1898 LONGFELLOW AVENUE,EAST TREMONT,C6  -WALK-UP,       17,1914,19250,306653,     15.93,78925,4.1,227728,1659000,     86.18
2-03016-0007,1900 LONGFELLOW AVENUE,EAST TREMONT,C6  -WALK-UP,       28,1931,27550,405812,     14.73,250154,9.08,155658,1132000,     41.09
2-02985-0023,1922 CROTONA PARKWAY,EAST TREMONT,D4  -ELEVATOR,       17,1911,27691,402350,     14.53,248942,8.99,153408,1111000,     40.12
2-03106-0044,1961 MAPES AVENUE,EAST TREMONT,C6  -WALK-UP,       24,1910,23550,301440,     12.80,135648,5.76,165792,1155000,     49.04
2-03130-0007,1962 VYSE AVENUE,EAST TREMONT,C6  -WALK-UP,       24,1992,23760,461657,     19.43,230947,9.72,230710,1786000,     75.17
2-03092-0006,1974 CROTONA AVENUE,EAST TREMONT,C6  -WALK-UP,       25,1927,24100,300527,     12.47,140985,5.85,159542,1102000,     45.73
2-03068-0006,1974 LAFONTAINE AVENUE,EAST TREMONT,C6  -WALK-UP,       49,1925,46800,829764,     17.73,398268,8.51,431496,3280000,     70.09
2-03127-0001,2000 DALY AVENUE,EAST TREMONT,C6  -WALK-UP,       50,1926,42455,479317,     11.29,212275,5,267042,1778000,     41.88
2-03080-0041,2023 BELMONT AVENUE,EAST TREMONT,D4  -ELEVATOR,       28,1912,26739,544139,     20.35,282899,10.58,261240,2037000,     76.18
2-03080-0004,2024 HUGHES AVENUE,EAST TREMONT,D4  -ELEVATOR,       28,1912,32932,567748,     17.24,274982,8.35,292765,2212000,     67.17
2-03069-0090,2039 HUGHES AVENUE,EAST TREMONT,C6  -WALK-UP,       12,1911,13200,203016,     15.38,111672,8.46,91344,672000,     50.91
2-03080-0082,2076 BELMONT AVENUE,EAST TREMONT,C6  -WALK-UP,       15,1925,14850,189783,     12.78,81230,5.47,108554,756000,     50.91
2-03069-0024,2089 ARTHUR AVENUE,EAST TREMONT,D4  -ELEVATOR,       56,1925,57530,1181666,     20.54,685758,11.92,495909,3872000,     67.30
2-03081-0042,2114 BELMONT AVENUE,EAST TREMONT,C6  -WALK-UP,       16,1927,12200,165066,     13.53,82472,6.76,82594,586000,     48.03
2-03111-0004,2120 MAPES AVENUE,EAST TREMONT,C6  -WALK-UP,       29,1914,27495,331315,     12.05,149023,5.42,182292,1244000,     45.24
2-03081-0013,2121 BELMONT AVENUE,EAST TREMONT,C6  -WALK-UP,       21,1910,17000,328440,     19.32,174930,10.29,153510,1186000,     69.76
2-03083-0068,2129 CROTONA AVENUE,EAST TREMONT,C6  -WALK-UP,       50,1924,40500,578745,     14.29,319950,7.9,258795,1865000,     46.05
2-03098-0050,2131 CLINTON AVENUE,EAST TREMONT,C6  -WALK-UP,       27,1927,29600,436600,     14.75,219336,7.41,217264,1580000,     53.38
2-03097-0053,2141 PROSPECT AVENUE,EAST TREMONT,C6  -WALK-UP,       15,1910,10560,160090,     15.16,72019,6.82,88070,645000,     61.08
2-03083-0045,2167 CROTONA AVENUE,EAST TREMONT,D4  -ELEVATOR,       22,1926,21000,335370,     15.97,203910,9.71,131460,976000,     46.48
2-03061-0070,565 EAST 178 STREET,EAST TREMONT,C6  -WALK-UP,       20,1907,16100,296079,     18.39,142807,8.87,153272,1173000,     72.86
2-03083-0001,661 EAST 181 STREET,EAST TREMONT,D4  -ELEVATOR,      281,1959,272000,4305760,     15.83,2344640,8.62,1961120,14531000,     53.42
2-03095-0007,700 OAKLAND PLACE,EAST TREMONT,D4  -ELEVATOR,       30,1931,25176,438062,     17.40,222304,8.83,215758,1634000,     64.90
2-03095-0001,705 EAST 179 STREET,EAST TREMONT,C6  -WALK-UP,       35,1916,30000,504900,     16.83,209400,6.98,295500,2222000,     74.07
2-03094-0054,755 OAKLAND PLACE,EAST TREMONT,C6  -WALK-UP,       26,1907,23740,390523,     16.45,206063,8.68,184460,1379000,     58.09
2-03110-0089,785 EAST 181 STREET,EAST TREMONT,C6  -WALK-UP,       26,1913,19523,268441,     13.75,147594,7.56,120847,861000,     44.10
2-03107-0006,810 EAST 178 STREET,EAST TREMONT,C6  -WALK-UP,       20,1911,18450,249629,     13.53,124722,6.76,124907,885000,     47.97
2-03117-0010,851 EAST TREMONT AVENUE,EAST TREMONT,C6  -WALK-UP,       26,1931,21150,307310,     14.53,153761,7.27,153549,1113000,     52.62
2-03117-0023,855 EAST 178 STREET,EAST TREMONT,C6  -WALK-UP,      107,1931,90600,1498524,     16.54,806340,8.9,692184,5164000,     57.00
2-03126-0028,940 EAST 178 STREET,EAST TREMONT,C6  -WALK-UP,       18,1992,17820,291713,     16.37,141491,7.94,150223,1121000,     62.91
2-03131-0020,998 EAST 179 STREET,EAST TREMONT,D4  -ELEVATOR,       90,1971,90900,1987074,     21.86,1097163,12.07,889911,7009000,     77.11
2-05826-1685,255 FIELDSTON TERRACE,FIELDSTON,D4  -ELEVATOR,       76,1965,85523,1428234,     16.70,842402,9.85,585833,4394000,     51.38
2-05803-0960,4410 CAYUGA AVENUE,FIELDSTON,D4  -ELEVATOR,       49,1931,59000,945770,     16.03,512710,8.69,433060,3218000,     54.54
2-05803-0965,4414 CAYUGA AVENUE,FIELDSTON,D4  -ELEVATOR,       30,1930,30000,489900,     16.33,267000,8.9,222900,1664000,     55.47
2-05803-0985,4445 POST ROAD,FIELDSTON,D4  -ELEVATOR,       68,1940,62088,1126276,     18.14,709666,11.43,416610,3182000,     51.25
2-05836-3250,5235 POST ROAD,FIELDSTON,D4  -ELEVATOR,       68,1964,57414,1164356,     20.28,488593,8.51,675763,5248000,     91.41
2-05835-3037,6291 BROADWAY,FIELDSTON,C6  -WALK-UP,       42,1958,32400,578340,     17.85,316872,9.78,261468,1990000,     61.42
2-03149-0061,2025 VALENTINE AVENUE,FORDHAM,D4  -ELEVATOR,       36,1940,37350,625613,     16.75,325319,8.71,300294,2255000,     60.37
2-03179-0052,2075 WALTON AVENUE,FORDHAM,D4  -ELEVATOR,       54,1927,53898,749721,     13.91,467835,8.68,281887,2015000,     37.39
2-03144-0018,2122 VALENTINE AVENUE,FORDHAM,C6  -WALK-UP,       25,1926,19715,302428,     15.34,157326,7.98,145102,1067000,     54.12
2-03180-0013,2163 MORRIS AVENUE,FORDHAM,C6  -WALK-UP,       21,1917,18710,316199,     16.90,183358,9.8,132841,999000,     53.39
2-03145-0026,2279 TIEBOUT AVENUE,FORDHAM,C6  -WALK-UP,       16,1925,10032,182382,     18.18,92997,9.27,89385,683000,     68.08
2-03173-0001,2386 MORRIS AVENUE,FORDHAM,D4  -ELEVATOR,       33,1928,30886,496029,     16.06,262222,8.49,233807,1738000,     56.27
2-03165-0022,2414 CRESTON AVENUE,FORDHAM,C6  -WALK-UP,       30,1914,23250,375488,     16.15,206460,8.88,169028,1258000,     54.11
2-03173-0013,2420 MORRIS AVENUE,FORDHAM,D4  -ELEVATOR,       74,1955,75010,1125900,     15.01,633835,8.45,492066,3595000,     47.93
2-03151-0028,254 EAST 184 STREET,FORDHAM,C6  -WALK-UP,       24,1916,20955,360845,     17.22,204521,9.76,156324,1181000,     56.36
2-03149-0096,268 EAST 181 STREET,FORDHAM,C6  -WALK-UP,       30,1913,22202,322595,     14.53,167847,7.56,154748,1122000,     50.54
2-03293-0052,274 EAST 194 STREET,FORDHAM,C6  -WALK-UP,       20,1912,18500,271580,     14.68,139860,7.56,131720,957000,     51.73
2-03175-0010,55 EAST 190 STREET,FORDHAM,D4  -ELEVATOR,       54,1942,55440,867636,     15.65,457934,8.26,409702,3027000,     54.60
2-02511-0027,100 WEST 162 STREET,HIGHBRIDGE/MORRIS HEIGHTS,C6  -WALK-UP,       15,1907,13425,176405,     13.14,101090,7.53,75314,529000,     39.40
2-02508-0043,1001 ANDERSON AVENUE,HIGHBRIDGE/MORRIS HEIGHTS,C6  -WALK-UP,       22,1922,20057,298849,     14.90,168278,8.39,130571,952000,     47.46
2-02508-0041,1015 ANDERSON AVENUE,HIGHBRIDGE/MORRIS HEIGHTS,C6  -WALK-UP,       22,1922,23802,346319,     14.55,214456,9.01,131863,955000,     40.12
2-02523-0150,1015 SUMMIT AVENUE,HIGHBRIDGE/MORRIS HEIGHTS,D4  -ELEVATOR,       38,1928,36900,478593,     12.97,263097,7.13,215496,1506000,     40.81
2-02508-0026,1045 ANDERSON AVENUE,HIGHBRIDGE/MORRIS HEIGHTS,D4  -ELEVATOR,       50,1931,54180,710300,     13.11,400390,7.39,309910,2176000,     40.16
2-02510-0050,1177 ANDERSON AVENUE,HIGHBRIDGE/MORRIS HEIGHTS,D4  -ELEVATOR,      119,1929,106386,1750050,     16.45,1017050,9.56,733000,5480000,     51.51
2-02510-0074,1201 SHAKESPEARE AVENUE,HIGHBRIDGE/MORRIS HEIGHTS,D4  -ELEVATOR,       61,1930,57230,813238,     14.21,480160,8.39,333079,2397000,     41.88
2-02521-0001,127 WEST 170 STREET,HIGHBRIDGE/MORRIS HEIGHTS,C6  -WALK-UP,       40,1925,39432,526417,     13.35,313484,7.95,212933,1504000,     38.14
2-02518-0028,132 WEST 169 STREET,HIGHBRIDGE/MORRIS HEIGHTS,D4  -ELEVATOR,       25,1931,27018,446067,     16.51,213442,7.9,232625,1740000,     64.40
2-02516-0026,136 WEST 168 STREET,HIGHBRIDGE/MORRIS HEIGHTS,C6  -WALK-UP,       36,1926,30800,431508,     14.01,246092,7.99,185416,1330000,     43.18
2-02872-0001,1372 SHAKESPEARE AVENUE,HIGHBRIDGE/MORRIS HEIGHTS,C6  -WALK-UP,       57,1926,39745,447131,     11.25,268279,6.75,178853,1189000,     29.92
2-02534-0008,1380 DR M L KING JR BOULEVARD,HIGHBRIDGE/MORRIS HEIGHTS,D4  -ELEVATOR,      140,1967,182218,2534652,     13.91,1266415,6.95,1268237,9061000,     49.73
2-02522-0109,1383 PLIMPTON AVENUE,HIGHBRIDGE/MORRIS HEIGHTS,C6  -WALK-UP,       26,1922,19250,268538,     13.95,161123,8.37,107415,769000,     39.95
2-02876-0001,1600 NELSON AVENUE,HIGHBRIDGE/MORRIS HEIGHTS,C6  -WALK-UP,       32,1912,26650,308607,     11.58,197477,7.41,111131,747000,     28.03
2-02878-0061,1641 ANDREWS AVENUE SOUTH,HIGHBRIDGE/MORRIS HEIGHTS,C6  -WALK-UP,       61,1925,55750,661753,     11.87,364048,6.53,297705,2020000,     36.23
2-02867-0047,1711 DAVIDSON AVENUE,HIGHBRIDGE/MORRIS HEIGHTS,D4  -ELEVATOR,       87,1928,98700,1321593,     13.39,768873,7.79,552720,3907000,     39.58
2-02876-0131,1713 NELSON AVENUE,HIGHBRIDGE/MORRIS HEIGHTS,D4  -ELEVATOR,       48,1927,58350,820401,     14.06,508812,8.72,311589,2237000,     38.34
2-02861-0114,1770 DAVIDSON AVENUE,HIGHBRIDGE/MORRIS HEIGHTS,D4  -ELEVATOR,       65,1927,81502,1032630,     12.67,484937,5.95,547693,3799000,     46.61
2-02861-0119,1780 DAVIDSON AVENUE,HIGHBRIDGE/MORRIS HEIGHTS,D4  -ELEVATOR,       42,1928,42450,626987,     14.77,376107,8.86,250880,1824000,     42.97
2-02534-0038,185 WEST 170 STREET,HIGHBRIDGE/MORRIS HEIGHTS,C6  -WALK-UP,       21,1926,18750,236438,     12.61,134813,7.19,101625,705000,     37.60
2-02868-0121,1966 DR M L KING JR BOULEVARD,HIGHBRIDGE/MORRIS HEIGHTS,C6  -WALK-UP,       11,1914,17100,188442,     11.02,103626,6.06,84816,560000,     32.75
2-02870-0007,1986 GRAND AVENUE,HIGHBRIDGE/MORRIS HEIGHTS,C6  -WALK-UP,       26,1924,18000,227700,     12.65,138960,7.72,88740,616000,     34.22
2-02869-0143,2015 GRAND AVENUE,HIGHBRIDGE/MORRIS HEIGHTS,C6  -WALK-UP,       31,1924,25000,290000,     11.60,185750,7.43,104250,702000,     28.08
2-02524-0012,924 SUMMIT AVENUE,HIGHBRIDGE/MORRIS HEIGHTS,C6  -WALK-UP,       21,1910,20750,401513,     19.35,202105,9.74,199408,1528000,     73.64
2-02504-0036,941 JEROME AVENUE,HIGHBRIDGE/MORRIS HEIGHTS,D4  -ELEVATOR,       86,1927,114941,1664346,     14.48,798840,6.95,865506,6260000,     54.46
2-02765-0140,1230 SPOFFORD AVENUE,HUNTS POINT,C6  -WALK-UP,       68,1928,56400,906348,     16.07,502524,8.91,403824,3003000,     53.24
2-02765-0146,645 BARRETTO STREET,HUNTS POINT,C6  -WALK-UP,       48,1927,38720,573830,     14.82,358547,9.26,215283,1567000,     40.47
2-02763-0227,750 FAILE STREET,HUNTS POINT,D4  -ELEVATOR,      111,1965,108306,1761056,     16.26,1047319,9.67,713737,5318000,     49.10
2-02740-0071,874 MANIDA STREET,HUNTS POINT,C6  -WALK-UP,       19,1910,14880,222456,     14.95,115618,7.77,106838,779000,     52.35
2-03226-0053,1 FORDHAM HILL OVAL,KINGSBRIDGE HTS/UNIV HTS,D4  -ELEVATOR,     1119,1950,1171970,15751277,     13.44,8192070,6.99,7559207,53485000,     45.64
2-03218-0074,2265 DR M L KING JR BOULEVARD,KINGSBRIDGE HTS/UNIV HTS,D4  -ELEVATOR,       42,1936,46440,731894,     15.76,378950,8.16,352944,2611000,     56.22
2-03225-0022,2295 ANDREWS AVENUE NORTH,KINGSBRIDGE HTS/UNIV HTS,C6  -WALK-UP,       36,1922,41107,619071,     15.06,358453,8.72,260618,1906000,     46.37
2-03209-0045,2333 GRAND AVENUE,KINGSBRIDGE HTS/UNIV HTS,D4  -ELEVATOR,       44,1926,40428,832008,     20.58,458858,11.35,373150,2914000,     72.08
2-03199-0062,2400 DAVIDSON AVENUE,KINGSBRIDGE HTS/UNIV HTS,C6  -WALK-UP,       52,1923,40000,826400,     20.66,479200,11.98,347200,2713000,     67.83
2-03199-0066,2410 DAVIDSON AVENUE,KINGSBRIDGE HTS/UNIV HTS,C6  -WALK-UP,       51,1923,40000,826400,     20.66,479200,11.98,347200,2713000,     67.83
2-03219-0201,2471 UNIVERSITY AVENUE,KINGSBRIDGE HTS/UNIV HTS,C6  -WALK-UP,       20,1915,21750,273833,     12.59,156165,7.18,117668,816000,     37.52
2-03201-0003,2506 DAVIDSON AVENUE,KINGSBRIDGE HTS/UNIV HTS,D4  -ELEVATOR,       42,1941,37000,503940,     13.62,277130,7.49,226810,1612000,     43.57
2-03237-0145,2545 SEDGWICK AVENUE,KINGSBRIDGE HTS/UNIV HTS,D4  -ELEVATOR,       62,1964,71640,1114002,     15.55,561658,7.84,552344,4075000,     56.88
2-03237-0067,2630 KINGSBRIDGE TERRACE,KINGSBRIDGE HTS/UNIV HTS,D4  -ELEVATOR,      185,1955,200000,3134000,     15.67,1568000,7.84,1566000,11549000,     57.75
2-03212-0092,55 WEST 184 STREET,KINGSBRIDGE HTS/UNIV HTS,C6  -WALK-UP,       27,1926,19395,282585,     14.57,135571,6.99,147014,1065000,     54.91
2-03252-0361,100 VAN CORTLANDT PARK SOUTH,KINGSBRIDGE/JEROME PARK,D4  -ELEVATOR,      115,1932,120000,1563600,     13.03,813600,6.78,750000,5259000,     43.83
2-03252-0340,120 GALE PLACE,KINGSBRIDGE/JEROME PARK,D4  -ELEVATOR,      282,1949,351827,4946688,     14.06,2702031,7.68,2244656,16107000,     45.78
2-03271-0210,180 VAN CORTLANDT PARK SOUTH,KINGSBRIDGE/JEROME PARK,D4  -ELEVATOR,       73,1956,78864,1459773,     18.51,919554,11.66,540218,4140000,     52.50
2-03250-0040,2835 WEBB AVENUE,KINGSBRIDGE/JEROME PARK,D4  -ELEVATOR,       73,1959,83000,1196030,     14.41,714630,8.61,481400,3478000,     41.90
2-03260-0005,2860 BAILEY AVENUE,KINGSBRIDGE/JEROME PARK,D4  -ELEVATOR,       78,1955,77760,1230941,     15.83,467338,6.01,763603,5631000,     72.42
2-03256-0156,2865 KINGSBRIDGE TERRACE,KINGSBRIDGE/JEROME PARK,D4  -ELEVATOR,      106,1965,111300,1737393,     15.61,1094079,9.83,643314,4746000,     42.64
2-03253-0255,2875 SEDGWICK AVENUE,KINGSBRIDGE/JEROME PARK,D4  -ELEVATOR,       85,1927,107220,1481780,     13.82,902792,8.42,578988,4118000,     38.41
2-05767-0798,288 WEST 238 STREET,KINGSBRIDGE/JEROME PARK,D4  -ELEVATOR,       74,1962,69848,1107789,     15.86,602090,8.62,505700,3747000,     53.65
2-05713-0107,290 WEST 232 STREET,KINGSBRIDGE/JEROME PARK,D4  -ELEVATOR,      117,1966,122000,1855620,     15.21,910120,7.46,945500,6934000,     56.84
2-03253-0221,3065 SEDGWICK AVENUE,KINGSBRIDGE/JEROME PARK,D4  -ELEVATOR,       73,1960,75390,1038120,     13.77,539792,7.16,498328,3553000,     47.13
2-03267-0060,3119 BAILEY AVENUE,KINGSBRIDGE/JEROME PARK,D4  -ELEVATOR,       66,1961,65000,1025050,     15.77,575900,8.86,449150,3324000,     51.14
2-03267-0056,3123 BAILEY AVENUE,KINGSBRIDGE/JEROME PARK,D4  -ELEVATOR,       53,1964,43645,775135,     17.76,422047,9.67,353088,2684000,     61.50
2-05714-0164,3130 IRWIN AVENUE,KINGSBRIDGE/JEROME PARK,D4  -ELEVATOR,      225,1961,234000,3219840,     13.76,1696500,7.25,1523340,10861000,     46.41
2-05758-0442,315 WEST 232 STREET,KINGSBRIDGE/JEROME PARK,D4  -ELEVATOR,       72,1974,75747,1367233,     18.05,808220,10.67,559013,4265000,     56.31
2-05759-0364,3240 RIVERDALE AVENUE,KINGSBRIDGE/JEROME PARK,D4  -ELEVATOR,       66,1970,67987,1225126,     18.02,610523,8.98,614602,4686000,     68.92
2-03258-0013,3311 GILES PLACE,KINGSBRIDGE/JEROME PARK,D4  -ELEVATOR,      100,1962,101500,1838165,     18.11,932785,9.19,905380,6899000,     67.97
2-03255-0065,3355 SEDGWICK AVENUE,KINGSBRIDGE/JEROME PARK,D4  -ELEVATOR,      135,1963,124045,2188154,     17.64,1220603,9.84,967551,7343000,     59.20
2-03258-0073,3400 FT INDEPENDENCE STREET,KINGSBRIDGE/JEROME PARK,D4  -ELEVATOR,      171,1965,232808,3401325,     14.61,2176755,9.35,1224570,8882000,     38.15
2-03251-0420,3400 PAUL AVENUE,KINGSBRIDGE/JEROME PARK,D4  -ELEVATOR,      352,1967,381213,4826157,     12.66,2653242,6.96,2172914,15075000,     39.54
2-05764-0642,3475 GREYSTONE AVENUE,KINGSBRIDGE/JEROME PARK,D4  -ELEVATOR,       57,1957,61187,1100754,     17.99,495615,8.1,605139,4616000,     75.44
2-05770-0069,3636 GREYSTONE AVENUE,KINGSBRIDGE/JEROME PARK,D4  -ELEVATOR,       93,1940,118214,1951713,     16.51,819223,6.93,1132490,8469000,     71.64
2-05777-0772,3800 WALDO AVENUE,KINGSBRIDGE/JEROME PARK,D4  -ELEVATOR,      173,1966,154640,2180424,     14.10,1238666,8.01,941758,6763000,     43.73
2-03263-0235,3840 CANNON PLACE,KINGSBRIDGE/JEROME PARK,D4  -ELEVATOR,      171,1958,170350,2826107,     16.59,1809117,10.62,1016990,7623000,     44.75
2-03246-0056,3850 SEDGWICK AVENUE,KINGSBRIDGE/JEROME PARK,D4  -ELEVATOR,      122,1955,141055,1977591,     14.02,1166525,8.27,811066,5810000,     41.19
2-05778-0879,3875 WALDO AVENUE,KINGSBRIDGE/JEROME PARK,D4  -ELEVATOR,      105,1931,150000,2328000,     15.52,1374000,9.16,954000,7036000,     46.91
2-03263-0085,3900 BAILEY AVENUE,KINGSBRIDGE/JEROME PARK,D4  -ELEVATOR,      188,1963,247530,4472867,     18.07,2608966,10.54,1863901,14222000,     57.46
2-03263-0067,3915 ORLOFF AVENUE,KINGSBRIDGE/JEROME PARK,D4  -ELEVATOR,      104,1957,115000,1484650,     12.91,841800,7.32,642850,4490000,     39.04
2-03252-0117,3960 SEDGWICK AVENUE,KINGSBRIDGE/JEROME PARK,D4  -ELEVATOR,      140,1950,186000,2499840,     13.44,1474980,7.93,1024860,7251000,     38.98
2-03252-0052,3965 SEDGWICK AVENUE,KINGSBRIDGE/JEROME PARK,D4  -ELEVATOR,      319,1968,425070,5636428,     13.26,3549335,8.35,2087094,14702000,     34.59
2-03252-0276,3980 ORLOFF AVENUE,KINGSBRIDGE/JEROME PARK,D4  -ELEVATOR,      151,1950,155477,2268409,     14.59,1445936,9.3,822473,5947000,     38.25
2-03252-0237,3989 HILLMAN AVENUE,KINGSBRIDGE/JEROME PARK,C6  -WALK-UP,       48,1941,30552,602791,     19.73,337600,11.05,265191,2056000,     67.30
2-03252-0135,4016 HILLMAN AVENUE,KINGSBRIDGE/JEROME PARK,C6  -WALK-UP,       30,1947,31150,389064,     12.49,124600,4,264464,1828000,     58.68
2-05783-0300,511 WEST 232 STREET,KINGSBRIDGE/JEROME PARK,D4  -ELEVATOR,       66,1937,69441,1009672,     14.54,484698,6.98,524974,3803000,     54.77
2-03252-0143,74 VAN CORTLANDT PARK SOUTH,KINGSBRIDGE/JEROME PARK,C6  -WALK-UP,       55,1928,76320,920419,     12.06,441893,5.79,478526,3266000,     42.79
2-03263-0225,75 WEST 238 STREET,KINGSBRIDGE/JEROME PARK,D4  -ELEVATOR,       72,1960,77000,1207360,     15.68,725340,9.42,482020,3561000,     46.25
2-03252-0209,80 GOUVERNEUR AVENUE,KINGSBRIDGE/JEROME PARK,D4  -ELEVATOR,      207,1930,197406,2566278,     13.00,1650314,8.36,915964,6414000,     32.49
2-03252-0268,91 VAN CORTLANDT AVENUE E,KINGSBRIDGE/JEROME PARK,D4  -ELEVATOR,       50,1963,55800,677412,     12.14,399528,7.16,277884,1900000,     34.05
2-03252-0287,92 VAN CORTLANDT PARK SOUTH,KINGSBRIDGE/JEROME PARK,D4  -ELEVATOR,      145,1949,150500,2177735,     14.47,1399650,9.3,778085,5628000,     37.40
2-02471-0050,1001 GRAND CONCOURSE,MELROSE/CONCOURSE,D4  -ELEVATOR,       81,1941,92417,1280900,     13.86,691279,7.48,589620,4161000,     45.02
2-02447-0001,1010 SHERMAN AVENUE,MELROSE/CONCOURSE,D4  -ELEVATOR,       67,1958,80009,1270543,     15.88,788089,9.85,482454,3580000,     44.74
2-02471-0036,1015 GRAND CONCOURSE,MELROSE/CONCOURSE,D4  -ELEVATOR,       61,1941,75000,1053000,     14.04,510000,6.8,543000,3894000,     51.92
2-02461-0094,1020 GRAND CONCOURSE,MELROSE/CONCOURSE,D4  -ELEVATOR,      466,1963,428360,6335444,     14.79,3238402,7.56,3097043,22539000,     52.62
2-02477-0015,1040 GERARD AVENUE,MELROSE/CONCOURSE,D4  -ELEVATOR,       52,1959,45786,674886,     14.74,404748,8.84,270137,1962000,     42.85
2-02472-0011,1075 GRAND CONCOURSE,MELROSE/CONCOURSE,D4  -ELEVATOR,      109,1928,118218,1528559,     12.93,948108,8.02,580450,4060000,     34.34
2-02462-0033,1100 GRAND CONCOURSE,MELROSE/CONCOURSE,D4  -ELEVATOR,       74,1928,107841,1513009,     14.03,967334,8.97,545675,3913000,     36.28
2-02452-0029,1113 GRANT AVENUE,MELROSE/CONCOURSE,C6  -WALK-UP,       70,1926,57080,706650,     12.38,395564,6.93,311086,2143000,     37.54
2-02488-0036,1175 GERARD AVENUE,MELROSE/CONCOURSE,C6  -WALK-UP,       44,1924,51000,798660,     15.66,489090,9.59,309570,2287000,     44.84
2-02430-0035,1187 CLAY AVENUE,MELROSE/CONCOURSE,C6  -WALK-UP,       12,1913,11500,192165,     16.71,86480,7.52,105685,793000,     68.96
2-02464-0023,1235 GRAND CONCOURSE,MELROSE/CONCOURSE,D4  -ELEVATOR,      131,1929,181700,2422061,     13.33,1549901,8.53,872160,6155000,     33.87
2-02453-0068,1275 GRANT AVENUE,MELROSE/CONCOURSE,D4  -ELEVATOR,       81,2008,93570,1416650,     15.14,804702,8.6,611948,4481000,     47.89
2-02461-0083,185 EAST 163 STREET,MELROSE/CONCOURSE,D4  -ELEVATOR,       42,1927,45483,619478,     13.62,387970,8.53,231508,1645000,     36.17
2-02456-0030,201 EAST 165 STREET,MELROSE/CONCOURSE,C6  -WALK-UP,       31,1918,19955,419853,     21.04,234671,11.76,185182,1451000,     72.71
2-02421-0013,270 EAST 162 STREET,MELROSE/CONCOURSE,C6  -WALK-UP,       11,1931,10675,139202,     13.04,84973,7.96,54229,380000,     35.60
2-02410-0031,318 EAST 151 STREET,MELROSE/CONCOURSE,C6  -WALK-UP,       12,1918,6948,125620,     18.08,62810,9.04,62810,479000,     68.94
2-02410-0032,320 EAST 151 STREET,MELROSE/CONCOURSE,C6  -WALK-UP,       12,1918,7560,136685,     18.08,69023,9.13,67662,516000,     68.25
2-02473-0067,660 WALTON AVENUE,MELROSE/CONCOURSE,D4  -ELEVATOR,       83,1936,119500,1690925,     14.15,1021725,8.55,669200,4809000,     40.24
2-02443-0170,773 CONCOURSE VILLAGE EAST,MELROSE/CONCOURSE,D4  -ELEVATOR,      937,1964,876500,14567430,     16.62,8694880,9.92,5872550,44002000,     50.20
2-02443-9080,790 CONCOURSE VILLAGE WEST,MELROSE/CONCOURSE,D4  -ELEVATOR,      936,1963,862500,14248500,     16.52,7693500,8.92,6555000,49056000,     56.88
2-02458-0090,800 GRAND CONCOURSE,MELROSE/CONCOURSE,D4  -ELEVATOR,      260,1954,252105,3471486,     13.77,1870619,7.42,1600867,11410000,     45.26
2-02474-0015,825 WALTON AVENUE,MELROSE/CONCOURSE,D4  -ELEVATOR,       54,1924,44304,575066,     12.98,305255,6.89,269811,1889000,     42.64
2-02474-0010,828 GERARD AVENUE,MELROSE/CONCOURSE,D4  -ELEVATOR,       54,1924,42660,642460,     15.06,395032,9.26,247428,1809000,     42.41
2-02479-0001,85 MCCLELLAN STREET,MELROSE/CONCOURSE,D4  -ELEVATOR,       59,1940,56400,865740,     15.35,536928,9.52,328812,2418000,     42.87
2-02459-0030,860 GRAND CONCOURSE,MELROSE/CONCOURSE,D4  -ELEVATOR,      120,1941,115140,1751279,     15.21,1068499,9.28,682780,5009000,     43.50
2-02461-0045,940 GRAND CONCOURSE,MELROSE/CONCOURSE,D4  -ELEVATOR,      108,1929,145728,1818685,     12.48,1164367,7.99,654319,4523000,     31.04
2-02422-0030,943 TELLER AVENUE,MELROSE/CONCOURSE,C6  -WALK-UP,       37,1920,33055,494503,     14.96,294851,8.92,199652,1458000,     44.11
2-04256-0003,1944 UNIONPORT ROAD,MORRIS PARK/VAN NEST,D4  -ELEVATOR,       79,1927,56634,843280,     14.89,519900,9.18,323380,2358000,     41.64
2-04256-0008,1954 UNIONPORT ROAD,MORRIS PARK/VAN NEST,D4  -ELEVATOR,       83,1928,63540,1047775,     16.49,615067,9.68,432707,3237000,     50.94
2-04289-0035,754 BRADY AVENUE,MORRIS PARK/VAN NEST,D4  -ELEVATOR,       59,1932,75260,1099549,     14.61,520047,6.91,579502,4204000,     55.86
2-04289-0050,758 BRADY AVENUE,MORRIS PARK/VAN NEST,D4  -ELEVATOR,       58,1932,67500,986175,     14.61,466425,6.91,519750,3770000,     55.85
2-04289-0015,762 BRADY AVENUE,MORRIS PARK/VAN NEST,D4  -ELEVATOR,       55,1932,54184,903247,     16.67,469233,8.66,434014,3254000,     60.05
2-04289-0020,764 BRADY AVENUE,MORRIS PARK/VAN NEST,D4  -ELEVATOR,      210,1933,94000,2006900,     21.35,1036820,11.03,970080,7617000,     81.03
2-03006-0026,1000 FREEMAN STREET,MORRISANIA/LONGWOOD,C6  -WALK-UP,       73,1931,64727,1216868,     18.80,700346,10.82,516521,3971000,     61.35
2-02721-0043,1015 LONGWOOD AVENUE,MORRISANIA/LONGWOOD,C6  -WALK-UP,       23,1931,20580,341422,     16.59,201478,9.79,139944,1049000,     50.97
2-02721-0042,1019 LONGWOOD AVENUE,MORRISANIA/LONGWOOD,C6  -WALK-UP,       16,1931,18300,290055,     15.85,171105,9.35,118950,881000,     48.14
2-02717-0070,1020 TIFFANY STREET,MORRISANIA/LONGWOOD,C6  -WALK-UP,       13,1931,10055,172946,     17.20,81244,8.08,91702,693000,     68.92
2-02683-0100,1021 AVENUE ST JOHN,MORRISANIA/LONGWOOD,C6  -WALK-UP,       81,1925,61878,863817,     13.96,509875,8.24,353942,2533000,     40.94
2-02720-0041,1025 LEGGETT AVENUE,MORRISANIA/LONGWOOD,C6  -WALK-UP,       54,1924,41010,1061749,     25.89,366219,8.93,695530,5585000,    136.19
2-02717-0048,1049 FOX STREET,MORRISANIA/LONGWOOD,D4  -ELEVATOR,       42,1915,42000,797580,     18.99,452760,10.78,344820,2656000,     63.24
2-02751-0008,1096 WEST FARMS ROAD,MORRISANIA/LONGWOOD,C6  -WALK-UP,       15,1910,14575,206528,     14.17,128406,8.81,78122,562000,     38.56
2-02608-0022,1103 FRANKLIN AVENUE,MORRISANIA/LONGWOOD,C6  -WALK-UP,       25,1917,24750,300218,     12.13,162113,6.55,138105,945000,     38.18
2-02608-0019,1109 FRANKLIN AVENUE,MORRISANIA/LONGWOOD,C6  -WALK-UP,       25,1917,24750,311108,     12.57,172508,6.97,138600,960000,     38.79
2-02727-0039,1111 SOUTHERN BOULEVARD,MORRISANIA/LONGWOOD,C6  -WALK-UP,       26,1925,21917,301359,     13.75,175994,8.03,125365,893000,     40.74
2-02744-0060,1116 HOE AVENUE,MORRISANIA/LONGWOOD,C6  -WALK-UP,       24,1914,21025,297924,     14.17,181446,8.63,116479,837000,     39.81
2-02609-0051,1165 FULTON AVENUE,MORRISANIA/LONGWOOD,C6  -WALK-UP,       40,1927,36560,455903,     12.47,280415,7.67,175488,1212000,     33.15
2-02663-0004,1218 BOSTON ROAD,MORRISANIA/LONGWOOD,C6  -WALK-UP,       13,1905,14516,198289,     13.66,115402,7.95,82886,589000,     40.58
2-02615-0055,1225 BOSTON ROAD,MORRISANIA/LONGWOOD,C6  -WALK-UP,       25,1905,24930,353258,     14.17,219633,8.81,133625,961000,     38.55
2-02663-0011,1230 BOSTON ROAD,MORRISANIA/LONGWOOD,C6  -WALK-UP,       20,1909,21500,308310,     14.34,168560,7.84,139750,1009000,     46.93
2-02933-0016,1342 FRANKLIN AVENUE,MORRISANIA/LONGWOOD,C6  -WALK-UP,       20,1920,23770,384361,     16.17,210840,8.87,173521,1292000,     54.35
2-02972-0034,1347 BRISTOW STREET,MORRISANIA/LONGWOOD,C6  -WALK-UP,       25,1930,22735,381266,     16.77,229624,10.1,151642,1139000,     50.10
2-02933-0029,1372 FRANKLIN AVENUE,MORRISANIA/LONGWOOD,D4  -ELEVATOR,       48,1931,48852,783098,     16.03,500733,10.25,282365,2098000,     42.95
2-02962-0044,1409 PROSPECT AVENUE,MORRISANIA/LONGWOOD,C6  -WALK-UP,       11,1904,14175,183850,     12.97,105037,7.41,78813,551000,     38.87
2-02373-0043,3531 3 AVENUE,MORRISANIA/LONGWOOD,C6  -WALK-UP,       15,1920,12651,192801,     15.24,101081,7.99,91720,673000,     53.20
2-02375-0029,425 EAST 153 STREET,MORRISANIA/LONGWOOD,C6  -WALK-UP,       25,1912,17220,245729,     14.27,150675,8.75,95054,685000,     39.78
2-02360-0070,530 EAST 159 STREET,MORRISANIA/LONGWOOD,C6  -WALK-UP,       46,1928,46210,645092,     13.96,400179,8.66,244913,1755000,     37.98
2-02683-0052,547 SOUTHERN BOULEVARD,MORRISANIA/LONGWOOD,C6  -WALK-UP,       19,1906,16875,230175,     13.64,112725,6.68,117450,835000,     49.48
2-02683-0041,571 SOUTHERN BOULEVARD,MORRISANIA/LONGWOOD,C6  -WALK-UP,       42,1907,25926,532520,     20.54,313186,12.08,219334,1712000,     66.03
2-02603-0024,590 SOUTHERN BOULEVARD,MORRISANIA/LONGWOOD,C6  -WALK-UP,       29,1924,26742,427337,     15.98,239341,8.95,187996,1396000,     52.20
2-02931-0098,605 EAST 169 STREET,MORRISANIA/LONGWOOD,D4  -ELEVATOR,       35,1931,41580,590436,     14.20,342619,8.24,247817,1783000,     42.88
2-02935-0008,620 EAST 170 STREET,MORRISANIA/LONGWOOD,C6  -WALK-UP,       15,1906,20655,275538,     13.34,125996,6.1,149542,1056000,     51.13
2-02935-0001,625 JEFFERSON PLACE,MORRISANIA/LONGWOOD,D4  -ELEVATOR,       16,1906,17100,266247,     15.57,150309,8.79,115938,855000,     50.00
2-02935-0010,630 EAST 170 STREET,MORRISANIA/LONGWOOD,C6  -WALK-UP,       15,1906,19001,253473,     13.34,133007,7,120466,850000,     44.73
2-02935-0012,636 EAST 170 STREET,MORRISANIA/LONGWOOD,C6  -WALK-UP,       15,1906,19001,253473,     13.34,133007,7,120466,850000,     44.73
2-02707-0030,715 FOX STREET,MORRISANIA/LONGWOOD,D4  -ELEVATOR,       50,2008,60373,962949,     15.95,476947,7.9,486003,3606000,     59.73
2-02961-0015,757 EAST 169 STREET,MORRISANIA/LONGWOOD,C6  -WALK-UP,       32,1926,26347,481360,     18.27,285338,10.83,196022,1499000,     56.89
2-02962-0054,759 JENNINGS STREET,MORRISANIA/LONGWOOD,C6  -WALK-UP,       16,1904,14300,203775,     14.25,114400,8,89375,644000,     45.03
2-02962-0052,763 JENNINGS STREET,MORRISANIA/LONGWOOD,C6  -WALK-UP,       16,1904,14300,203775,     14.25,129844,9.08,73931,532000,     37.20
2-02962-0046,775 JENNINGS STREET,MORRISANIA/LONGWOOD,C6  -WALK-UP,       16,1904,16875,244519,     14.49,147656,8.75,96863,701000,     41.54
2-02721-0020,829 SOUTHERN BOULEVARD,MORRISANIA/LONGWOOD,C6  -WALK-UP,       49,1925,31335,496660,     15.85,292982,9.35,203678,1509000,     48.16
2-02732-0021,850 SOUTHERN BOULEVARD,MORRISANIA/LONGWOOD,C6  -WALK-UP,       58,1923,41874,662865,     15.83,403665,9.64,259200,1920000,     45.85
2-02688-0035,853 MACY PLACE,MORRISANIA/LONGWOOD,D4  -ELEVATOR,       63,2009,69640,1233324,     17.71,543888,7.81,689436,5240000,     75.24
2-02722-0001,854 INTERVALE AVENUE,MORRISANIA/LONGWOOD,C6  -WALK-UP,       18,1931,10220,147986,     14.48,59174,5.79,88812,642000,     62.82
2-02638-0001,872 TRINITY AVENUE,MORRISANIA/LONGWOOD,D4  -ELEVATOR,      320,1960,292000,4885160,     16.73,2686400,9.2,2198760,16496000,     56.49
2-02691-0117,883 EAST 165 STREET,MORRISANIA/LONGWOOD,C6  -WALK-UP,       38,1907,29664,510517,     17.21,319778,10.78,190740,1441000,     48.58
2-02627-0005,902 EAGLE AVENUE,MORRISANIA/LONGWOOD,C6  -WALK-UP,       25,1914,21295,282159,     13.25,183137,8.6,99022,698000,     32.78
2-02627-0007,906 EAGLE AVENUE,MORRISANIA/LONGWOOD,C6  -WALK-UP,       25,1914,21295,303880,     14.27,179304,8.42,124576,898000,     42.17
2-02723-0028,906 SIMPSON STREET,MORRISANIA/LONGWOOD,C6  -WALK-UP,       31,1925,34875,495574,     14.21,282139,8.09,213435,1536000,     44.04
2-02723-0029,914 SIMPSON STREET,MORRISANIA/LONGWOOD,C6  -WALK-UP,       31,1925,34875,661579,     18.97,370373,10.62,291206,2242000,     64.29
2-02711-0021,921 TIFFANY STREET,MORRISANIA/LONGWOOD,C6  -WALK-UP,       18,1989,14000,227640,     16.26,122500,8.75,105140,784000,     56.00
2-02698-0063,941 ROGERS PLACE,MORRISANIA/LONGWOOD,C6  -WALK-UP,       20,1925,16950,274590,     16.20,166619,9.83,107972,804000,     47.43
2-02746-0021,946 HOE AVENUE,MORRISANIA/LONGWOOD,C6  -WALK-UP,       20,1913,17550,246051,     14.02,153914,8.77,92138,660000,     37.61
2-02746-0023,950 HOE AVENUE,MORRISANIA/LONGWOOD,C6  -WALK-UP,       20,1913,17550,248684,     14.17,154616,8.81,94068,676000,     38.52
2-02669-0050,975 UNION AVENUE,MORRISANIA/LONGWOOD,C6  -WALK-UP,       35,1912,33790,428457,     12.68,271672,8.04,156786,1089000,     32.23
2-02684-0074,986 LEGGETT AVENUE,MORRISANIA/LONGWOOD,C6  -WALK-UP,       21,1916,16950,293574,     17.32,176789,10.43,116786,883000,     52.09
2-02301-0004,330 EAST 139 STREET,MOTT HAVEN/PORT MORRIS,C6  -WALK-UP,       11,1931,9415,129080,     13.71,61951,6.58,67129,478000,     50.77
2-02293-0041,426 EAST 149 STREET,MOTT HAVEN/PORT MORRIS,C6  -WALK-UP,       11,1905,10845,221130,     20.39,131225,12.1,89905,701000,     64.64
2-02600-0131,490 SOUTHERN BOULEVARD,MOTT HAVEN/PORT MORRIS,C6  -WALK-UP,      139,1929,275000,3426500,     12.46,1886500,6.86,1540000,10631000,     38.66
2-02582-0061,823 EAST 147 STREET,MOTT HAVEN/PORT MORRIS,C6  -WALK-UP,       38,1920,25980,395935,     15.24,237457,9.14,158478,1161000,     44.69
2-02826-0024,110 EAST 176 STREET,MOUNT HOPE/MOUNT EDEN,C6  -WALK-UP,       38,1924,28100,522660,     18.60,261330,9.3,261330,2005000,     71.35
2-02821-0052,1561 SHERIDAN AVENUE,MOUNT HOPE/MOUNT EDEN,D4  -ELEVATOR,       68,1928,74462,1164586,     15.64,603887,8.11,560699,4142000,     55.63
2-02791-0054,1685 TOPPING AVENUE,MOUNT HOPE/MOUNT EDEN,D4  -ELEVATOR,       43,1931,33000,613800,     18.60,368280,11.16,245520,1883000,     57.06
2-02791-0052,1695 TOPPING AVENUE,MOUNT HOPE/MOUNT EDEN,C6  -WALK-UP,       27,1926,17000,281690,     16.57,152150,8.95,129540,970000,     57.06
2-02849-0028,1723 TOWNSEND AVENUE,MOUNT HOPE/MOUNT EDEN,C6  -WALK-UP,       21,1926,24900,339636,     13.64,181023,7.27,158613,1128000,     45.30
2-02850-0040,1770 TOWNSEND AVENUE,MOUNT HOPE/MOUNT EDEN,C6  -WALK-UP,       57,1925,44440,684376,     15.40,397738,8.95,286638,2108000,     47.43
2-02826-0011,1770 WALTON AVENUE,MOUNT HOPE/MOUNT EDEN,C6  -WALK-UP,       37,1925,29600,455840,     15.40,264920,8.95,190920,1404000,     47.43
2-02799-0022,1776 TOPPING AVENUE,MOUNT HOPE/MOUNT EDEN,D4  -ELEVATOR,       25,1931,21080,368057,     17.46,202157,9.59,165900,1257000,     59.63
2-02802-0005,1854 MONROE AVENUE,MOUNT HOPE/MOUNT EDEN,C6  -WALK-UP,       26,1915,22500,333225,     14.81,199125,8.85,134100,976000,     43.38
2-02805-0016,1855 GRAND CONCOURSE,MOUNT HOPE/MOUNT EDEN,D4  -ELEVATOR,       44,1936,45000,699300,     15.54,359550,7.99,339750,2504000,     55.64
2-02794-0062,221 EAST 173 STREET,MOUNT HOPE/MOUNT EDEN,D4  -ELEVATOR,       26,1939,32150,572270,     17.80,313784,9.76,258486,1966000,     61.15
2-02809-0022,240 ECHO PLACE,MOUNT HOPE/MOUNT EDEN,D4  -ELEVATOR,       42,1931,45700,665392,     14.56,319443,6.99,345949,2506000,     54.84
2-02810-0026,250 EAST 178 STREET,MOUNT HOPE/MOUNT EDEN,D4  -ELEVATOR,       60,1936,70000,1084300,     15.49,574700,8.21,509600,3754000,     53.63
2-03931-0001,1332 METROPOLITAN AVENUE,PARKCHESTER,D4  -ELEVATOR,       63,1962,67800,1164804,     17.18,582402,8.59,582402,4397000,     64.85
2-03901-0031,1430 THIERIOT AVENUE,PARKCHESTER,D4  -ELEVATOR,      169,1960,217800,3502224,     16.08,1925352,8.84,1576872,11721000,     53.82
2-03900-0039,1475 THIERIOT AVENUE,PARKCHESTER,D4  -ELEVATOR,      169,1954,216000,3877200,     17.95,2175120,10.07,1702080,12967000,     60.03
2-03931-0006,1910 MCGRAW AVENUE,PARKCHESTER,D4  -ELEVATOR,       54,1929,57000,818520,     14.36,458280,8.04,360240,2599000,     45.60
2-03948-0047,2181 STARLING AVENUE,PARKCHESTER,D4  -ELEVATOR,       42,1962,30927,484008,     15.65,280508,9.07,203500,1503000,     48.60
2-04343-0001,2215 CRUGER AVENUE,PELHAM PARKWAY NORTH,D4  -ELEVATOR,      168,1952,140662,2156348,     15.33,1056372,7.51,1099977,8084000,     57.47
2-04291-0001,2075 WALLACE AVENUE,PELHAM PARKWAY SOUTH,D4  -ELEVATOR,      190,1930,174400,3494976,     20.04,1939328,11.12,1555648,12091000,     69.33
2-04293-0010,2080 BARNES AVENUE,PELHAM PARKWAY SOUTH,D4  -ELEVATOR,       96,1951,127000,2072640,     16.32,1228090,9.67,844550,6304000,     49.64
2-04287-0001,2081 CRUGER AVENUE,PELHAM PARKWAY SOUTH,D4  -ELEVATOR,       85,1931,87924,1309188,     14.89,807142,9.18,502046,3660000,     41.63
2-04292-0014,2100 WALLACE AVENUE,PELHAM PARKWAY SOUTH,D4  -ELEVATOR,      148,1940,144354,2550735,     17.67,1380024,9.56,1170711,8892000,     61.60
2-04291-0014,2105 WALLACE AVENUE,PELHAM PARKWAY SOUTH,D4  -ELEVATOR,      191,1952,220000,3616800,     16.44,1933800,8.79,1683000,12582000,     57.19
2-04325-0021,2121 PAULDING AVENUE,PELHAM PARKWAY SOUTH,D4  -ELEVATOR,      121,1964,153804,2251691,     14.64,944357,6.14,1307334,9490000,     61.70
2-04319-0010,2156 CRUGER AVENUE,PELHAM PARKWAY SOUTH,D4  -ELEVATOR,       73,1930,70836,999496,     14.11,548271,7.74,451225,3240000,     45.74
2-04317-0006,2160 BRONX PARK EAST,PELHAM PARKWAY SOUTH,D4  -ELEVATOR,       61,1938,64291,887859,     13.81,496969,7.73,390889,2789000,     43.38
2-04322-0051,2165 MATTHEWS AVENUE,PELHAM PARKWAY SOUTH,D4  -ELEVATOR,       62,1959,58500,875745,     14.97,482040,8.24,393705,2875000,     49.15
2-04317-0015,2166 BRONX PARK EAST,PELHAM PARKWAY SOUTH,D4  -ELEVATOR,       65,1936,73610,1146108,     15.57,619060,8.41,527048,3888000,     52.82
2-04319-0015,2186 CRUGER AVENUE,PELHAM PARKWAY SOUTH,D4  -ELEVATOR,       73,1930,70812,1091921,     15.42,639432,9.03,452489,3331000,     47.04
2-04319-0040,2187 HOLLAND AVENUE,PELHAM PARKWAY SOUTH,D4  -ELEVATOR,       73,1930,73182,1156276,     15.80,619852,8.47,536424,3972000,     54.28
2-04317-0025,2190 BOSTON ROAD,PELHAM PARKWAY SOUTH,D4  -ELEVATOR,       78,1941,87354,1443962,     16.53,793174,9.08,650787,4850000,     55.52
2-04317-0037,2191 BOLTON STREET,PELHAM PARKWAY SOUTH,D4  -ELEVATOR,       54,1941,44270,713190,     16.11,401972,9.08,311218,2315000,     52.29
2-04319-0030,2199 HOLLAND AVENUE,PELHAM PARKWAY SOUTH,D4  -ELEVATOR,       93,1930,88386,1309881,     14.82,704436,7.97,605444,4408000,     49.87
2-04298-0022,900 LYDIG AVENUE,PELHAM PARKWAY SOUTH,D4  -ELEVATOR,       92,1959,105000,1502550,     14.31,808500,7.7,694050,5005000,     47.67
2-05743-0198,2390 PALISADE AVENUE,RIVERDALE,D4  -ELEVATOR,       60,1964,80214,1392515,     17.36,766044,9.55,626471,4741000,     59.10
2-05716-0362,2400 JOHNSON AVENUE,RIVERDALE,D4  -ELEVATOR,      130,1969,142000,2811600,     19.80,1496680,10.54,1314920,10183000,     71.71
2-05716-0265,2465 PALISADE AVENUE,RIVERDALE,D4  -ELEVATOR,       69,1958,85117,1578920,     18.55,829040,9.74,749881,5732000,     67.34
2-05723-0084,25 KNOLLS CRESCENT,RIVERDALE,D4  -ELEVATOR,      252,1954,247247,4507313,     18.23,1713422,6.93,2793891,21355000,     86.37
2-05716-0500,2500 JOHNSON AVENUE,RIVERDALE,D4  -ELEVATOR,      339,1967,466400,8852272,     18.98,3917760,8.4,4934512,38001000,     81.48
2-05745-0290,2501 PALISADE AVENUE,RIVERDALE,C6  -WALK-UP,       17,1927,28536,403784,     14.15,120993,4.24,282792,2031000,     71.17
2-05743-0002,2530 INDEPENDENCE AVENUE,RIVERDALE,D4  -ELEVATOR,       70,1961,79296,1292525,     16.30,590755,7.45,701770,5235000,     66.02
2-05743-0203,2550 INDEPENDENCE AVENUE,RIVERDALE,D4  -ELEVATOR,      142,1959,200314,3477451,     17.36,1668616,8.33,1808835,13682000,     68.30
2-05745-0305,2575 PALISADE AVENUE,RIVERDALE,D4  -ELEVATOR,      143,1958,168962,2725357,     16.13,954635,5.65,1770722,13185000,     78.04
2-05746-0584,2601 HENRY HUDSON PARKWAY W,RIVERDALE,D4  -ELEVATOR,       69,1954,92171,1495935,     16.23,903276,9.8,592660,4418000,     47.93
2-05745-0001,2621 PALISADE AVENUE,RIVERDALE,D4  -ELEVATOR,      180,1962,231154,3670726,     15.88,2022598,8.75,1648128,12221000,     52.87
2-05725-0776,269 KAPPOCK STREET,RIVERDALE,D4  -ELEVATOR,       96,1961,130570,1885431,     14.44,848705,6.5,1036726,7495000,     57.40
2-05747-0590,2711 HENRY HUDSON PARKWAY W,RIVERDALE,D4  -ELEVATOR,       52,1953,82559,1754379,     21.25,831369,10.07,923010,7227000,     87.54
2-05745-0012,2727 PALISADE AVENUE,RIVERDALE,D4  -ELEVATOR,      125,1955,194730,3273411,     16.81,1801253,9.25,1472159,11070000,     56.85
2-05747-0605,2734 INDEPENDENCE AVENUE,RIVERDALE,D4  -ELEVATOR,       67,1970,83880,1611335,     19.21,902549,10.76,708786,5472000,     65.24
2-05726-0673,2750 JOHNSON AVENUE,RIVERDALE,D4  -ELEVATOR,       75,1964,93060,1603424,     17.23,833818,8.96,769606,5815000,     62.49
2-05748-0500,3001 HENRY HUDSON PARKWAY W,RIVERDALE,D4  -ELEVATOR,       85,1934,147500,2340825,     15.87,1287675,8.73,1053150,7808000,     52.94
2-05738-0353,3015 RIVERDALE AVENUE,RIVERDALE,D4  -ELEVATOR,      121,1941,125148,2003619,     16.01,1086285,8.68,917335,6812000,     54.43
2-05738-0366,3030 JOHNSON AVENUE,RIVERDALE,D4  -ELEVATOR,       60,1966,64310,1116422,     17.36,668824,10.4,447598,3387000,     52.67
2-05736-0006,3050 FAIRFIELD AVENUE,RIVERDALE,D4  -ELEVATOR,       73,1958,111000,1926960,     17.36,866910,7.81,1060050,8019000,     72.24
2-05742-0120,3103 FAIRFIELD AVENUE,RIVERDALE,D4  -ELEVATOR,      108,1949,108700,1887032,     17.36,1038085,9.55,848947,6425000,     59.11
2-05739-0257,3135 JOHNSON AVENUE,RIVERDALE,D4  -ELEVATOR,      122,1953,141721,2759308,     19.47,1380363,9.74,1378945,10641000,     75.08
2-05787-0130,3200 NETHERLAND AVENUE,RIVERDALE,D4  -ELEVATOR,       80,1957,88470,1615462,     18.26,1017405,11.5,598057,4571000,     51.67
2-05789-0015,3206 FAIRFIELD AVENUE,RIVERDALE,D4  -ELEVATOR,       56,1954,59352,1115818,     18.80,536542,9.04,579276,4454000,     75.04
2-05788-0074,3210 ARLINGTON AVENUE,RIVERDALE,D4  -ELEVATOR,       67,1955,80735,1318403,     16.33,830763,10.29,487639,3641000,     45.10
2-05789-0059,3215 ARLINGTON AVENUE,RIVERDALE,D4  -ELEVATOR,       68,1958,82000,1541600,     18.80,909380,11.09,632220,4860000,     59.27
2-05788-0119,3215 NETHERLAND AVENUE,RIVERDALE,D4  -ELEVATOR,       49,1939,75000,963000,     12.84,481500,6.42,481500,3359000,     44.79
2-05787-0177,3225 JOHNSON AVENUE,RIVERDALE,D4  -ELEVATOR,       60,1970,60928,1112545,     18.26,700672,11.5,411873,3148000,     51.67
2-05787-0148,3260 NETHERLAND AVENUE,RIVERDALE,D4  -ELEVATOR,       54,1950,51000,1039380,     20.38,573750,11.25,465630,3630000,     71.18
2-05785-0268,3299 CAMBRIDGE AVENUE,RIVERDALE,D4  -ELEVATOR,       84,1954,111675,1728729,     15.48,1012892,9.07,715837,5273000,     47.22
2-05901-0001,3333 HENRY HUDSON PARKWAY W,RIVERDALE,D4  -ELEVATOR,      441,1970,718399,13247278,     18.44,5675352,7.9,7571925,57987000,     80.72
2-05792-0422,3512 OXFORD AVENUE,RIVERDALE,D4  -ELEVATOR,       45,1962,43000,905580,     21.06,447200,10.4,458380,3591000,     83.51
2-05902-0193,3515 HENRY HUDSON PARKWAY W,RIVERDALE,D4  -ELEVATOR,       79,1954,104000,1980160,     19.04,1041040,10.01,939120,7237000,     69.59
2-05795-0518,3530 HENRY HUDSON PARKWAY E,RIVERDALE,D4  -ELEVATOR,      216,1955,312000,5531760,     17.73,2979600,9.55,2552160,19399000,     62.18
2-05771-0020,3600 FIELDSTON ROAD,RIVERDALE,D4  -ELEVATOR,       73,1941,86000,1538540,     17.89,969220,11.27,569320,4334000,     50.40
2-05799-0073,3601 JOHNSON AVENUE,RIVERDALE,D4  -ELEVATOR,       90,1955,115597,1890011,     16.35,1003382,8.68,886629,6619000,     57.26
2-05800-0001,3616 HENRY HUDSON PARKWAY E,RIVERDALE,D4  -ELEVATOR,      120,1954,207100,3398511,     16.41,1859758,8.98,1538753,11495000,     55.50
2-05799-0032,3635 JOHNSON AVENUE,RIVERDALE,D4  -ELEVATOR,       82,1954,106684,1764553,     16.54,975092,9.14,789462,5911000,     55.41
2-05796-0135,3656 JOHNSON AVENUE,RIVERDALE,D4  -ELEVATOR,       56,1932,73911,1518132,     20.54,971930,13.15,546202,4267000,     57.73
2-05920-0653,3671 HUDSON MANOR TERRACE,RIVERDALE,D4  -ELEVATOR,      185,1963,216720,4080838,     18.83,1959149,9.04,2121689,16316000,     75.29
2-05904-0246,3701 HENRY HUDSON PARKWAY W,RIVERDALE,D4  -ELEVATOR,       49,1954,82500,1553475,     18.83,811800,9.84,741675,5703000,     69.13
2-05906-0331,3720 INDEPENDENCE AVENUE,RIVERDALE,D4  -ELEVATOR,       48,1954,72594,1250069,     17.22,687465,9.47,562604,4250000,     58.54
2-05904-0100,3725 HENRY HUDSON PARKWAY W,RIVERDALE,D4  -ELEVATOR,       86,1952,116424,2328480,     20.00,1210810,10.4,1117670,8687000,     74.62
2-05919-0448,3750 HUDSON MANOR TERRACE,RIVERDALE,D4  -ELEVATOR,      104,1954,163944,2719831,     16.59,1536155,9.37,1183676,8869000,     54.10
2-05904-0086,3755 HENRY HUDSON PARKWAY W,RIVERDALE,D4  -ELEVATOR,       92,1961,151800,2706594,     17.83,1569612,10.34,1136982,8651000,     56.99
2-05919-0436,3777 INDEPENDENCE AVENUE,RIVERDALE,D4  -ELEVATOR,      196,1963,255000,4865400,     19.08,2417400,9.48,2448000,18873000,     74.01
2-05779-0815,3810 GREYSTONE AVENUE,RIVERDALE,D4  -ELEVATOR,       44,1939,41068,846411,     20.61,407805,9.93,438606,3425000,     83.40
2-05779-0820,3840 GREYSTONE AVENUE,RIVERDALE,D4  -ELEVATOR,      127,1951,186480,3466663,     18.59,2045686,10.97,1420978,10903000,     58.47
2-05919-0460,3850 HUDSON MANOR TERRACE,RIVERDALE,D4  -ELEVATOR,      110,1954,188200,3039430,     16.15,1550768,8.24,1488662,11080000,     58.87
2-05920-0500,3901 INDEPENDENCE AVENUE,RIVERDALE,D4  -ELEVATOR,      106,1963,109152,2264904,     20.75,1126449,10.32,1138455,8900000,     81.54
2-05908-0210,3935 BLACKSTONE AVENUE,RIVERDALE,D4  -ELEVATOR,      123,1960,180000,3198600,     17.77,1773000,9.85,1425600,10840000,     60.22
2-05909-0031,4499 HENRY HUDSON PARKWAY W,RIVERDALE,D4  -ELEVATOR,       58,1952,70000,1379000,     19.70,698600,9.98,680400,5257000,     75.10
2-05909-0977,4525 HENRY HUDSON PARKWAY W,RIVERDALE,D4  -ELEVATOR,      145,1953,201511,3871026,     19.21,2129971,10.57,1741055,13445000,     66.72
2-05909-0970,4555 HENRY HUDSON PARKWAY W,RIVERDALE,D4  -ELEVATOR,      159,1953,217360,4390672,     20.20,2501814,11.51,1888858,14697000,     67.62
2-05911-1102,4601 HENRY HUDSON PARKWAY W,RIVERDALE,C6  -WALK-UP,       52,1951,57250,975540,     17.04,415063,7.25,560478,4225000,     73.80
2-05912-0001,4705 HENRY HUDSON PARKWAY W,RIVERDALE,D4  -ELEVATOR,      183,1961,213921,3865552,     18.07,1884644,8.81,1980908,15115000,     70.66
2-05771-0041,474 WEST 238 STREET,RIVERDALE,D4  -ELEVATOR,       54,1939,76500,1368585,     17.89,807840,10.56,560745,4272000,     55.84
2-05912-0091,4901 HENRY HUDSON PARKWAY W,RIVERDALE,D4  -ELEVATOR,      133,1961,167108,2917706,     17.46,1226573,7.34,1691133,12768000,     76.41
2-05723-0094,510 KAPPOCK STREET,RIVERDALE,C6  -WALK-UP,       34,1948,43000,810550,     18.85,381410,8.87,429140,3302000,     76.79
2-05792-0445,525 WEST 235 STREET,RIVERDALE,D4  -ELEVATOR,       38,1954,47000,890650,     18.95,525460,11.18,365190,2812000,     59.83
2-05796-0107,525 WEST 236 STREET,RIVERDALE,D4  -ELEVATOR,       57,1956,68728,1420608,     20.67,838482,12.2,582126,4552000,     66.23
2-05797-0213,525 WEST 238 STREET,RIVERDALE,C6  -WALK-UP,       70,1926,117929,1524822,     12.93,725263,6.15,799559,5589000,     47.39
2-05946-0052,5355 HENRY HUDSON PARKWAY W,RIVERDALE,D4  -ELEVATOR,      105,1952,126000,2451960,     19.46,999180,7.93,1452780,11157000,     88.55
2-05950-0406,5410 NETHERLAND AVENUE,RIVERDALE,D4  -ELEVATOR,      144,1939,189592,3291317,     17.36,1810604,9.55,1480714,11207000,     59.11
2-05950-0475,5415 NETHERLAND AVENUE,RIVERDALE,D4  -ELEVATOR,      126,1939,139416,2481605,     17.80,1367671,9.81,1113934,8474000,     60.78
2-05845-1863,5425 VALLES AVENUE,RIVERDALE,D4  -ELEVATOR,      109,1965,110000,1854600,     16.86,1019700,9.27,834900,6277000,     57.06
2-05845-1825,5500 FIELDSTON ROAD,RIVERDALE,D4  -ELEVATOR,      188,1960,263206,4261305,     16.19,2184610,8.3,2076695,15468000,     58.77
2-05722-0445,555 KAPPOCK STREET,RIVERDALE,D4  -ELEVATOR,      412,1966,539000,9346260,     17.34,5142060,9.54,4204200,31824000,     59.04
2-05953-0550,5600 NETHERLAND AVENUE,RIVERDALE,D4  -ELEVATOR,      462,1949,395000,8374000,     21.20,4941450,12.51,3432550,26937000,     68.19
2-05953-0545,5601 RIVERDALE AVENUE,RIVERDALE,D4  -ELEVATOR,      116,1954,150700,2702051,     17.93,1485902,9.86,1216149,9263000,     61.47
2-05785-0284,5620 SYLVAN AVENUE,RIVERDALE,D4  -ELEVATOR,       77,1960,80120,1508660,     18.83,874910,10.92,633749,4872000,     60.81
2-05953-0038,5700 ARLINGTON AVENUE,RIVERDALE,D4  -ELEVATOR,      437,1961,404890,6947912,     17.16,3243169,8.01,3704744,27969000,     69.08
2-05859-0297,5715 MOSHOLU AVENUE,RIVERDALE,D4  -ELEVATOR,       54,1962,46500,830490,     17.86,310620,6.68,519870,3958000,     85.12
2-05855-2239,5730 MOSHOLU AVENUE,RIVERDALE,D4  -ELEVATOR,       43,1963,33000,704880,     21.36,274890,8.33,429990,3361000,    101.85
2-05953-0230,5800 ARLINGTON AVENUE,RIVERDALE,D4  -ELEVATOR,      435,1961,400180,6867089,     17.16,3205442,8.01,3661647,27643000,     69.08
2-05953-0240,5900 ARLINGTON AVENUE,RIVERDALE,D4  -ELEVATOR,      437,1962,407920,7024382,     17.22,3267439,8.01,3756943,28355000,     69.51
2-05723-0042,60 KNOLLS CRESCENT,RIVERDALE,D4  -ELEVATOR,      244,1953,237800,4846364,     20.38,2078372,8.74,2767992,21562000,     90.67
2-05725-0767,609 KAPPOCK STREET,RIVERDALE,D4  -ELEVATOR,       66,1962,82500,1432200,     17.36,787875,9.55,644325,4877000,     59.12
2-05909-0152,611 WEST 239 STREET,RIVERDALE,D4  -ELEVATOR,       52,1954,64520,1220718,     18.92,562614,8.72,658104,5067000,     78.53
2-05907-0362,620 WEST 239 STREET,RIVERDALE,D4  -ELEVATOR,       76,1953,119600,2049944,     17.14,1024972,8.57,1024972,7713000,     64.49
2-05887-1348,6200 RIVERDALE AVENUE,RIVERDALE,D4  -ELEVATOR,       63,1959,62601,1198809,     19.15,551515,8.81,647294,4979000,     79.54
2-05891-1601,6300 RIVERDALE AVENUE,RIVERDALE,D4  -ELEVATOR,       64,1962,80000,1293600,     16.17,612800,7.66,680800,5071000,     63.39
2-05737-0061,640 WEST 231 STREET,RIVERDALE,D4  -ELEVATOR,       61,1953,72800,1263808,     17.36,682136,9.37,581672,4399000,     60.43
2-05908-0203,645 WEST 239 STREET,RIVERDALE,D4  -ELEVATOR,       43,1953,65766,1069355,     16.26,526786,8.01,542570,4046000,     61.52
2-05856-0378,6485 BROADWAY,RIVERDALE,D4  -ELEVATOR,      129,1961,127000,2125980,     16.74,1148080,9.04,977900,7339000,     57.79
2-05864-0526,6535 BROADWAY,RIVERDALE,D4  -ELEVATOR,       60,1969,60829,1206847,     19.84,700142,11.51,506706,3934000,     64.67
2-05873-1042,6601 BROADWAY,RIVERDALE,D4  -ELEVATOR,       72,1958,92640,1622126,     17.51,684610,7.39,937517,7105000,     76.69
2-05881-1088,6645 BROADWAY,RIVERDALE,D4  -ELEVATOR,       63,1959,54635,1136408,     20.80,454563,8.32,681845,5316000,     97.30
2-05920-0510,679 WEST 239 STREET,RIVERDALE,D4  -ELEVATOR,       76,1960,125526,2342315,     18.66,1075758,8.57,1266557,9723000,     77.46
2-05750-0357,735 KAPPOCK STREET,RIVERDALE,D4  -ELEVATOR,       69,1953,61538,1049838,     17.06,398766,6.48,651072,4907000,     79.74
2-05744-0048,750 KAPPOCK STREET,RIVERDALE,D4  -ELEVATOR,      160,1953,209920,3644211,     17.36,1748634,8.33,1895578,14339000,     68.31
2-04162-0002,1720 MAYFLOWER AVENUE,SCHUYLERVILLE/PELHAM BAY,D4  -ELEVATOR,      120,1966,127000,1859280,     14.64,1149350,9.05,709930,5153000,     40.57
2-04251-0011,1874 PELHAM PARKWAY SOUTH,SCHUYLERVILLE/PELHAM BAY,D4  -ELEVATOR,       95,1970,85218,1559489,     18.30,812128,9.53,747362,5716000,     67.08
2-04252-0017,1910 PELHAM PARKWAY SOUTH,SCHUYLERVILLE/PELHAM BAY,D4  -ELEVATOR,       52,1964,44329,845797,     19.08,391868,8.84,453929,3483000,     78.57
2-04230-0015,1950 HUTCH RIVER PARKWAY EAST,SCHUYLERVILLE/PELHAM BAY,D4  -ELEVATOR,      158,1961,179920,2803154,     15.58,1804598,10.03,998556,7354000,     40.87
2-04247-0057,2015 ST PAUL AVENUE,SCHUYLERVILLE/PELHAM BAY,D4  -ELEVATOR,       66,1964,58600,860834,     14.69,436570,7.45,424264,3082000,     52.59
2-04174-0024,3121 MIDDLETOWN ROAD,SCHUYLERVILLE/PELHAM BAY,D4  -ELEVATOR,      157,1963,135250,1809645,     13.38,1006260,7.44,803385,5675000,     41.96
2-05403-0025,3321 BRUCKNER BOULEVARD,SCHUYLERVILLE/PELHAM BAY,D4  -ELEVATOR,       71,1939,57994,1082748,     18.67,523686,9.03,559062,4274000,     73.70
2-03717-0018,1036 MANOR AVENUE,SOUNDVIEW,C6  -WALK-UP,       44,1928,35700,526575,     14.75,315945,8.85,210630,1532000,     42.91
2-03737-0037,1160 COLGATE AVENUE,SOUNDVIEW,C6  -WALK-UP,       17,1927,13446,198329,     14.75,116980,8.7,81348,591000,     43.95
2-03740-0005,1521 WATSON AVENUE,SOUNDVIEW,D4  -ELEVATOR,       63,1928,62916,1023643,     16.27,549886,8.74,473757,3534000,     56.17
2-03716-0001,1569 BRUCKNER BOULEVARD,SOUNDVIEW,D4  -ELEVATOR,      104,1962,124778,2037625,     16.33,1234054,9.89,803570,5999000,     48.08
2-03717-0001,1591 BRUCKNER BOULEVARD,SOUNDVIEW,D4  -ELEVATOR,      105,1960,117922,1660342,     14.08,1012950,8.59,647392,4646000,     39.40
2-03663-0002,1760 BRUCKNER BOULEVARD,SOUNDVIEW,D4  -ELEVATOR,      408,1958,361452,4554295,     12.60,2342209,6.48,2212086,15323000,     42.39
2-03627-0040,820 BOYNTON AVENUE,SOUNDVIEW,D4  -ELEVATOR,      225,1962,256750,3650985,     14.22,2089945,8.14,1561040,11234000,     43.75
2-03627-0030,825 MORRISON AVENUE,SOUNDVIEW,D4  -ELEVATOR,      225,1962,256750,3650985,     14.22,2089945,8.14,1561040,11234000,     43.75
2-03627-0020,875 MORRISON AVENUE,SOUNDVIEW,D4  -ELEVATOR,      225,1962,256750,3650985,     14.22,2089945,8.14,1561040,11234000,     43.75
2-03627-0050,880 BOYNTON AVENUE,SOUNDVIEW,D4  -ELEVATOR,      225,1962,256750,3650985,     14.22,2089945,8.14,1561040,11234000,     43.75
2-03659-0001,920 METCALF AVENUE,SOUNDVIEW,D4  -ELEVATOR,      239,1967,212300,2770515,     13.05,1800304,8.48,970211,6801000,     32.03
2-05802-1294,6035 BROADWAY,VAN CORTLANDT PARK,D4  -ELEVATOR,      103,1961,107627,1786608,     16.60,962185,8.94,824423,6157000,     57.21
2-05038-0010,4331 RICHARDSON AVENUE,WAKEFIELD,C6  -WALK-UP,       21,1964,17013,351148,     20.64,175914,10.34,175234,1369000,     80.47
2-05000-0001,855 EAST 233 STREET,WAKEFIELD,D4  -ELEVATOR,      110,1964,120534,1404221,     11.65,689454,5.72,714767,4818000,     39.97
2-03987-0058,1500 OVERING STREET,WESTCHESTER,C6  -WALK-UP,       31,1926,27150,451233,     16.62,270143,9.95,181091,1357000,     49.98
2-04659-0031,3511 BARNES AVENUE,WILLIAMSBRIDGE,D4  -ELEVATOR,      126,1967,136070,2281894,     16.77,1110331,8.16,1171563,8782000,     64.54
2-04641-0016,3555 OLINVILLE AVENUE,WILLIAMSBRIDGE,D4  -ELEVATOR,      142,1965,167000,2738800,     16.40,1320970,7.91,1417830,10574000,     63.32
2-04653-0049,3850 BRONX BOULEVARD,WILLIAMSBRIDGE,D4  -ELEVATOR,      166,1958,167750,3048018,     18.17,1971063,11.75,1076955,8227000,     49.04
2-04663-0028,724 EAST 216 STREET,WILLIAMSBRIDGE,C6  -WALK-UP,       19,1928,19292,302306,     15.67,180573,9.36,121733,899000,     46.60
2-04845-0011,745 EAST 231 STREET,WILLIAMSBRIDGE,D4  -ELEVATOR,      201,1957,249258,3145636,     12.62,810089,3.25,2335547,16190000,     64.95
2-04840-0023,747 EAST 226 STREET,WILLIAMSBRIDGE,C6  -WALK-UP,       23,1963,16506,271689,     16.46,141787,8.59,129902,971000,     58.83
2-04670-0050,800 TILDEN STREET,WILLIAMSBRIDGE,D4  -ELEVATOR,      269,1962,289000,4236740,     14.66,1878500,6.5,2358240,17118000,     59.23
2-04671-0051,801 TILDEN STREET,WILLIAMSBRIDGE,D4  -ELEVATOR,      266,1971,318060,4557800,     14.33,2544480,8,2013320,14525000,     45.67
2-04671-0004,839 TILDEN STREET,WILLIAMSBRIDGE,D4  -ELEVATOR,       58,2018,76358,1787541,     23.41,352010,4.61,1435530,11406000,    149.38
2-03379-0001,201 EAST 238 STREET,WOODLAWN,D4  -ELEVATOR,       49,1954,47679,750467,     15.74,422913,8.87,327555,2423000,     50.82
2-03363-0058,4200 HERKIMER PLACE,WOODLAWN,D4  -ELEVATOR,       45,1967,39959,764416,     19.13,395195,9.89,369221,2848000,     71.27
2-03383-0001,4260 KATONAH AVENUE,WOODLAWN,D4  -ELEVATOR,      108,1958,93645,1474909,     15.75,840932,8.98,633977,4671000,     49.88
2-03396-0021,4265 WEBSTER AVENUE,WOODLAWN,D4  -ELEVATOR,       53,1955,62015,915962,     14.77,432865,6.98,483097,3514000,     56.66
2-03398-0097,4295 WEBSTER AVENUE,WOODLAWN,D4  -ELEVATOR,       80,1957,57840,856032,     14.80,428016,7.4,428016,3116000,     53.87
2-03398-0087,4315 WEBSTER AVENUE,WOODLAWN,D4  -ELEVATOR,       78,1958,61914,916327,     14.80,540509,8.73,375818,2735000,     44.17
2-03368-0010,4320 VAN CORTLANDT PARK EAST,WOODLAWN,D4  -ELEVATOR,      111,1958,151800,1903572,     12.54,1094478,7.21,809094,5597000,     36.87
2-03398-0044,4380 VIREO AVENUE,WOODLAWN,D4  -ELEVATOR,      127,1958,109206,1703614,     15.60,911870,8.35,791744,5845000,     53.52
